SubjID,Session,Cond_code,Sequencing,Feedback,Correct,Incorrect,Reamaining,ElapsedTime,Gender,Race,Level_Code,pre_scaled,post_scaled,Form_Order,EAP.sgp,EAP.cr,EAP.dt,EAP.eg,EAP.exp,EAP.ext,EAP.mod,EAP.rr,EAP.tab,EAP.vr,EAP.pic,P.sgp..H,P.sgp..M,P.sgp..L
S052,c01,adaptive_acc,Adaptive,Accuracy,20,14,29,-999,Female,8,Academic,44,78,1,1.7469999999999999,1.99,0.901,1.847,0.07800000000000007,1.99,0.7030000000000001,0.972,1.711,0.907,0.2529999999999999,0.747,0.252,0.001
S053,c01,adaptive_full,Adaptive,Full,12,51,0,2145,Female,2,Academic,45,39,2,9.999999999998899e-4,0.43900000000000006,0.42199999999999993,0.010000000000000009,0.004999999999999893,0.6040000000000001,0.4039999999999999,0.2490000000000001,0.2709999999999999,0.8300000000000001,0.15599999999999992,0,0.001,0.999
S054,c01,linear_full,Linear,Full,34,29,0,2131,Female,7,Academic,70,69,1,1.687,1.8820000000000001,0.8879999999999999,1.881,0.030000000000000027,1.995,1.286,0.119,1.944,1.016,0.33699999999999997,0.69,0.307,0.003
S055,c01,adaptive_acc,Adaptive,Accuracy,8,55,0,2656,Male,7,Academic,48,53,2,0,0.744,0.42199999999999993,0.010000000000000009,0.0029999999999998916,0.32400000000000007,0.016999999999999904,0.2450000000000001,0.06299999999999994,0.43700000000000006,0.030000000000000027,0,0,1
S056,c01,adaptive_full,Adaptive,Full,20,43,0,2009,Male,8,Academic,41,51,1,0.026000000000000023,1.0899999999999999,0.42999999999999994,0.010999999999999899,0.008999999999999897,1.556,0.040999999999999925,0.4990000000000001,0.4630000000000001,0.123,0.010999999999999899,0,0.026,0.974
S057,c01,linear_full,Linear,Full,25,28,10,-999,Male,7,Academic,48,67,2,1.139,1.6179999999999999,0.7609999999999999,0.22199999999999998,0.0129999999999999,1.981,0.972,0.9179999999999999,1.048,0.671,1.099,0.258,0.622,0.119
S058,c01,adaptive_acc,Adaptive,Accuracy,33,30,0,2688,Female,4,Academic,56,54,1,0.5720000000000001,1.843,0.607,0.040000000000000036,0.09899999999999998,1.962,0.7030000000000001,1.824,0.16599999999999993,0.41700000000000004,0.8560000000000001,0.005,0.562,0.433
S059,c01,adaptive_full,Adaptive,Full,20,37,6,-999,Female,6,Academic,45,53,2,0.052999999999999936,0.482,0.43900000000000006,0.02299999999999991,0.51,0.8180000000000001,0.6279999999999999,1.714,0.09299999999999997,1.334,0.03299999999999992,0,0.053,0.947
S060,c01,linear_full,Linear,Full,28,35,0,2576,Female,7,Academic,50,51,1,1.001,1.961,0.7410000000000001,0.06699999999999995,0.0040000000000000036,1.975,0.06899999999999995,0.8640000000000001,1.509,0.10499999999999998,0.03299999999999992,0.049,0.903,0.048
S061,c01,adaptive_acc,Adaptive,Accuracy,21,42,0,1892,Female,3,Academic,60,50,2,0.09699999999999998,0.518,0.45300000000000007,0.014999999999999902,0.020000000000000018,1.295,0.16599999999999993,0.8660000000000001,0.1120000000000001,0.32200000000000006,0.3799999999999999,0.001,0.096,0.903
S062,c01,adaptive_full,Adaptive,Full,12,49,0,1043,Male,3,Academic,47,54,1,0.0020000000000000018,0.43999999999999995,0.42300000000000004,0.010000000000000009,0.008999999999999897,0.8759999999999999,0.050000000000000044,0.2430000000000001,0.06499999999999995,0.07800000000000007,0.020000000000000018,0,0.002,0.998
S063,c01,adaptive_acc,Adaptive,Accuracy,21,42,0,2272,Male,7,Academic,50,54,1,0.861,1.844,0.698,0.05800000000000005,0.0040000000000000036,1.694,0.11699999999999999,0.506,0.10299999999999998,0.236,0.038000000000000034,0.033,0.794,0.173
S064,c01,adaptive_full,Adaptive,Full,36,27,0,2317,Female,3,Academic,69,73,2,1.953,1.999,0.9430000000000001,0.21799999999999997,0.40900000000000003,1.998,1.358,0.44100000000000006,1.155,1.597,1.767,0.953,0.047,0
S065,c01,linear_full,Linear,Full,30,33,0,1971,Female,2,Academic,47,66,1,0.3400000000000001,1.773,0.532,0.3400000000000001,0.02299999999999991,1.847,0.04800000000000004,0.8640000000000001,1.28,0.1439999999999999,0.04200000000000004,0.001,0.337,0.661
S066,c01,adaptive_acc,Adaptive,Accuracy,19,44,0,1023,Male,6,Academic,39,53,2,0.1160000000000001,1.1600000000000001,0.45999999999999996,0.016000000000000014,0.0029999999999998916,1.423,0.04499999999999993,0.2430000000000001,0.9710000000000001,0.10099999999999998,0.030999999999999917,0,0.116,0.884
S067,c01,adaptive_full,Adaptive,Full,6,54,0,-999,Male,3,Academic,50,48,1,0,0.43900000000000006,0.42199999999999993,0.010000000000000009,0.010999999999999899,0.29600000000000004,0.03400000000000003,0.2430000000000001,0.07099999999999995,0.10400000000000009,0.03200000000000003,0,0,1
S068,c01,linear_full,Linear,Full,16,47,0,1286,Female,6,Academic,54,50,2,0.006999999999999895,0.44500000000000006,0.42399999999999993,0.010000000000000009,0.01200000000000001,0.516,0.040999999999999925,0.5009999999999999,1.161,0.21700000000000008,0.2569999999999999,0,0.007,0.993
S074,c02,adaptive_acc,Adaptive,Accuracy,20,43,0,1886,Male,6,Academic,61,60,1,0.008999999999999897,0.44599999999999995,0.42500000000000004,0.010000000000000009,0.016999999999999904,1.704,0.07899999999999996,0.248,1.186,0.613,0.016999999999999904,0,0.009,0.991
S075,c02,adaptive_full,Adaptive,Full,35,27,1,-999,Female,2,Academic,45,61,2,1.554,1.978,0.8600000000000001,1.401,0.5129999999999999,1.949,1.409,0.7509999999999999,0.6120000000000001,1.006,1.058,0.559,0.436,0.005
S076,c02,linear_full,Linear,Full,33,30,0,2506,Female,7,Academic,53,51,1,1.115,1.82,0.7629999999999999,1.517,0.02299999999999991,1.955,1.076,1.66,0.9259999999999999,0.9650000000000001,0.15100000000000002,0.175,0.765,0.06
S077,c02,adaptive_acc,Adaptive,Accuracy,21,42,0,1785,Male,2,Academic,70,75,1,0.43100000000000005,1.626,0.562,0.18700000000000006,0.0029999999999998916,1.669,0.129,0.10499999999999998,0.1100000000000001,0.15999999999999992,0.05800000000000005,0.003,0.425,0.572
S078,c02,adaptive_full,Adaptive,Full,20,43,0,1655,Male,6,Academic,53,54,1,0.06000000000000005,1.117,0.44100000000000006,0.0129999999999999,0.0029999999999998916,1.479,0.03699999999999992,0.8560000000000001,0.09600000000000009,0.06099999999999994,0.09899999999999998,0,0.06,0.94
S079,c02,linear_full,Linear,Full,27,36,0,2082,Male,7,Academic,72,56,2,0.6519999999999999,0.9690000000000001,0.6299999999999999,1.596,0.010000000000000009,1.78,0.44900000000000007,0.8759999999999999,0.16799999999999993,0.3460000000000001,0.06699999999999995,0.031,0.59,0.379
S080,c02,adaptive_acc,Adaptive,Accuracy,9,54,0,842,Male,7,Academic,45,47,2,0,0.43900000000000006,0.42199999999999993,0.010000000000000009,9.999999999998899e-4,0.7569999999999999,0.052000000000000046,0.498,0.19199999999999995,0.08299999999999996,0.02200000000000002,0,0,1
S081,c02,adaptive_full,Adaptive,Full,21,42,0,2335,Female,7,Academic,61,54,1,0.04699999999999993,0.4770000000000001,0.43700000000000006,0.01200000000000001,0.020000000000000018,1.789,0.1459999999999999,0.5069999999999999,0.08800000000000008,0.4670000000000001,0.03499999999999992,0,0.047,0.953
S082,c02,linear_full,Linear,Full,18,45,0,705,Male,7,Academic,57,39,2,0.020000000000000018,1.677,0.42799999999999994,0.010999999999999899,0.016999999999999904,0.889,0.05899999999999994,0.10400000000000009,0.7629999999999999,0.121,0.040000000000000036,0,0.02,0.98
S083,c02,adaptive_acc,Adaptive,Accuracy,13,50,0,1132,Male,7,Academic,63,41,2,9.999999999998899e-4,0.43999999999999995,0.42199999999999993,0.010000000000000009,0.040999999999999925,0.19300000000000006,0.129,0.5009999999999999,0.125,0.16300000000000003,0.06800000000000006,0,0.001,0.999
S084,c02,adaptive_full,Adaptive,Full,26,37,0,2167,Male,7,Academic,56,48,1,0.0129999999999999,1.401,0.42599999999999993,0.010000000000000009,0.11699999999999999,1.932,0.10400000000000009,0.506,0.19199999999999995,0.19199999999999995,0.3440000000000001,0,0.013,0.987
S085,c02,linear_full,Linear,Full,25,38,0,2268,Male,6,Academic,51,56,2,0.262,1.535,0.5069999999999999,0.02299999999999991,0.07699999999999996,1.7389999999999999,0.21900000000000008,0.1060000000000001,1.0470000000000002,0.274,0.3360000000000001,0.001,0.259,0.739
S086,c02,adaptive_acc,Adaptive,Accuracy,36,27,0,1856,Male,7,Academic,63,67,2,1.752,1.994,0.9019999999999999,1.893,0.02400000000000002,1.997,1.08,0.29200000000000004,0.976,1.381,0.05600000000000005,0.752,0.248,0
S087,c02,adaptive_full,Adaptive,Full,22,41,0,1121,Male,7,Academic,53,51,1,0.16500000000000004,1.72,0.4750000000000001,0.018000000000000016,0.020999999999999908,1.411,0.09099999999999997,0.5089999999999999,0.06600000000000006,0.45500000000000007,0.03299999999999992,0,0.164,0.836
S088,c02,linear_full,Linear,Full,20,43,0,2097,Male,7,Academic,48,58,2,0.016000000000000014,1.4020000000000001,0.42700000000000005,0.010999999999999899,0.0029999999999998916,1.314,0.05899999999999994,0.861,0.9750000000000001,0.28600000000000003,0.0129999999999999,0,0.016,0.984
S089,c02,adaptive_acc,Adaptive,Accuracy,14,35,14,-999,Male,7,Academic,42,61,2,0.0129999999999999,0.44900000000000007,0.42599999999999993,0.03499999999999992,0.02499999999999991,1.1840000000000002,0.06000000000000005,0.819,0.2649999999999999,0.33699999999999997,0.05899999999999994,0,0.012,0.987
S090,c02,adaptive_full,Adaptive,Full,13,50,0,934,Male,7,Academic,56,51,1,0,0.43900000000000006,0.42199999999999993,0.010000000000000009,0.008000000000000007,0.6399999999999999,0.06699999999999995,0.5,0.8839999999999999,0.18599999999999994,0.02299999999999991,0,0,1
S091,c02,linear_full,Linear,Full,21,42,0,2449,Male,4,Academic,57,67,2,9.999999999998899e-4,0.43999999999999995,0.42199999999999993,0.010000000000000009,0.15999999999999992,1.419,0.11099999999999999,0.9179999999999999,0.8879999999999999,0.728,0.020999999999999908,0,0.001,0.999
S097,c03,adaptive_acc,Adaptive,Accuracy,30,33,0,2263,Female,2,Academic,61,57,1,1.278,1.949,0.8029999999999999,0.1080000000000001,0.08600000000000008,1.965,1.576,0.2669999999999999,0.685,0.577,0.32600000000000007,0.287,0.705,0.009
S098,c03,adaptive_full,Adaptive,Full,18,45,0,1966,Female,2,Academic,54,64,2,9.999999999998899e-4,1.072,0.42199999999999993,0.010000000000000009,0.04800000000000004,0.917,0.030000000000000027,0.859,0.03600000000000003,0.08400000000000007,0.44799999999999995,0,0.001,0.999
S099,c03,linear_full,Linear,Full,20,43,0,824,Female,3,Academic,41,51,1,0.278,1.544,0.512,0.02400000000000002,0.15100000000000002,0.917,0.010999999999999899,0.10499999999999998,0.46399999999999997,0.04499999999999993,0.03400000000000003,0.001,0.276,0.723
S100,c03,adaptive_acc,Adaptive,Accuracy,14,49,0,750,Female,7,Academic,63,58,2,0.0020000000000000018,0.7450000000000001,0.42199999999999993,0.010000000000000009,0.006999999999999895,0.8620000000000001,0.016999999999999904,0.2430000000000001,0.556,0.07899999999999996,0.020000000000000018,0,0.002,0.998
S101,c03,adaptive_full,Adaptive,Full,14,49,0,1008,Female,2,Academic,56,48,1,9.999999999998899e-4,0.43999999999999995,0.42199999999999993,0.010000000000000009,0.006999999999999895,1.145,0.026999999999999913,0.2430000000000001,0.19199999999999995,0.14900000000000002,0.014999999999999902,0,0.001,0.999
S102,c03,linear_full,Linear,Full,33,30,0,1667,Female,7,Academic,63,67,2,1.04,1.994,0.75,0.7070000000000001,0.0040000000000000036,1.953,0.264,0.865,1.913,0.09899999999999998,0.03400000000000003,0.082,0.875,0.043
S103,c03,adaptive_acc,Adaptive,Accuracy,32,18,13,-999,Female,6,Academic,61,78,1,1.869,1.995,0.9259999999999999,1.913,1.547,1.978,0.6319999999999999,1.607,1.781,1.358,0.367,0.87,0.13,0
S104,c03,adaptive_full,Adaptive,Full,9,54,0,1823,Female,7,Academic,42,53,2,0,0.43900000000000006,0.42199999999999993,0.010000000000000009,0.006999999999999895,0.502,0.04299999999999993,0.244,0.361,0.20100000000000007,0.026999999999999913,0,0,1
S105,c03,linear_full,Linear,Full,23,40,0,1752,Female,7,Academic,50,54,1,0.3740000000000001,1.596,0.5429999999999999,0.028999999999999915,0.1499999999999999,1.722,0.050000000000000044,0.10699999999999998,0.15500000000000003,0.15500000000000003,0.018999999999999906,0.001,0.372,0.627
S106,c03,adaptive_acc,Adaptive,Accuracy,33,22,8,-999,Female,8,Academic,57,73,2,1.266,1.984,0.8,0.1060000000000001,0.2629999999999999,1.968,1.084,1.85,1.82,0.538,0.6459999999999999,0.277,0.712,0.011
S107,c03,adaptive_full,Adaptive,Full,11,46,1,490,Male,7,Academic,47,45,1,9.999999999998899e-4,1.071,0.42199999999999993,0.010000000000000009,0.0129999999999999,0.849,0.050999999999999934,0.2430000000000001,0.06699999999999995,0.07899999999999996,0.020000000000000018,0,0.001,0.999
S108,c03,linear_full,Linear,Full,35,22,6,-999,Female,6,Academic,57,73,2,1.844,1.998,0.921,1.788,0.02200000000000002,1.998,0.863,0.9610000000000001,1.815,0.893,1.695,0.844,0.155,0
S109,c03,adaptive_acc,Adaptive,Accuracy,37,26,0,2527,Male,6,Academic,50,54,1,1.688,1.992,0.889,1.8820000000000001,0.139,1.987,0.871,0.571,0.7370000000000001,0.5569999999999999,0.913,0.689,0.31,0.001
S110,c03,adaptive_full,Adaptive,Full,42,19,2,2454,Male,6,Academic,63,76,2,1.915,1.993,0.935,1.921,0.028999999999999915,2,1.146,1.863,1.7349999999999999,1.0430000000000001,1.711,0.915,0.085,0
S111,c03,linear_full,Linear,Full,22,41,0,52,Male,5,Academic,56,54,1,0.0020000000000000018,1.395,0.42199999999999993,0.010000000000000009,0.14300000000000002,1.346,0.125,1.2610000000000001,0.06400000000000006,0.14300000000000002,0.0129999999999999,0,0.002,0.998
S112,c03,adaptive_acc,Adaptive,Accuracy,21,15,27,-999,Male,3,Academic,54,61,2,1.693,1.988,0.889,1.833,0.19900000000000007,1.966,0.7210000000000001,1.0270000000000001,1.475,0.919,0.242,0.694,0.304,0.001
S113,c03,adaptive_full,Adaptive,Full,44,18,1,2613,Female,6,Academic,44,63,1,1.8679999999999999,1.997,0.9259999999999999,1.913,0.16599999999999993,2,0.992,1.781,1.931,1.7309999999999999,1.649,0.868,0.132,0
S114,c03,linear_full,Linear,Full,32,31,0,2316,Female,7,Academic,66,70,2,1.28,1.948,0.8029999999999999,0.10899999999999999,0.0129999999999999,1.973,1.01,1.612,1.835,0.3400000000000001,0.07899999999999996,0.291,0.698,0.011
S119,c04,adaptive_acc,Adaptive,Accuracy,28,35,0,1715,Female,2,Honors,58,63,1,0.9790000000000001,1.951,0.732,0.16100000000000003,0.010000000000000009,1.969,0.18199999999999994,0.562,0.040999999999999925,1.2930000000000001,0.96,0.063,0.853,0.084
S120,c04,adaptive_full,Adaptive,Full,35,28,0,2682,Female,3,Honors,51,70,2,1.307,1.98,0.8089999999999999,0.5089999999999999,0.11299999999999999,1.978,1.401,0.562,1.554,0.647,0.32499999999999996,0.316,0.675,0.009
S121,c04,linear_full,Linear,Full,40,23,0,2024,Female,2,Honors,70,81,1,1.789,1.995,0.909,1.529,0.137,1.999,1.4180000000000001,1.3860000000000001,1.713,0.79,0.11499999999999999,0.79,0.21,0
S122,c04,adaptive_acc,Adaptive,Accuracy,34,29,0,2421,Female,7,Honors,75,58,2,1.0070000000000001,1.955,0.74,1.475,0.0129999999999999,1.97,0.361,1.286,1.255,0.44700000000000006,0.20300000000000007,0.078,0.85,0.072
S123,c04,adaptive_full,Adaptive,Full,42,20,1,2664,Female,6,Honors,56,72,1,1.983,2,0.9490000000000001,1.836,0.15300000000000002,2,1.2810000000000001,1.505,1.897,1.546,1.483,0.983,0.017,0
S124,c04,linear_full,Linear,Full,33,30,0,2489,Male,6,Honors,57,70,2,0.984,1.992,0.7350000000000001,0.15999999999999992,0.030999999999999917,1.986,0.45100000000000007,0.5660000000000001,0.5469999999999999,1.222,0.17199999999999993,0.054,0.877,0.069
S125,c04,adaptive_acc,Adaptive,Accuracy,18,45,0,927,Female,7,Honors,50,60,1,0.006000000000000005,1.075,0.42399999999999993,0.010000000000000009,0.1479999999999999,0.9810000000000001,0.02499999999999991,0.10499999999999998,0.504,0.1140000000000001,0.03600000000000003,0,0.006,0.994
S126,c04,adaptive_full,Adaptive,Full,8,55,0,1438,Female,7,Honors,45,47,2,0,0.43900000000000006,0.42199999999999993,0.010000000000000009,9.999999999998899e-4,0.704,0.006000000000000005,0.10400000000000009,0.19199999999999995,0.038999999999999924,0.02299999999999991,0,0,1
S127,c04,linear_full,Linear,Full,34,29,0,2462,Female,7,Honors,64,60,1,0.98,1.954,0.734,0.06600000000000006,0.028000000000000025,1.987,0.746,1.847,1.8679999999999999,1.0110000000000001,0.04499999999999993,0.052,0.877,0.072
S128,c04,adaptive_acc,Adaptive,Accuracy,27,36,0,2444,Male,2,Honors,54,67,2,0.7549999999999999,1.895,0.665,1.323,0.006999999999999895,1.637,0.18199999999999994,0.246,1.124,0.2270000000000001,0.127,0.019,0.718,0.263
S129,c04,adaptive_full,Adaptive,Full,47,15,1,2510,Male,2,Honors,78,84,1,1.998,2,0.952,1.935,0.11499999999999999,2,1.343,1.467,1.625,1.373,1.895,0.998,0.002,0
S130,c04,linear_full,Linear,Full,30,33,0,2192,Male,6,Honors,45,67,2,0.9079999999999999,1.72,0.708,0.639,0.006000000000000005,1.951,0.7909999999999999,0.506,1.791,0.21199999999999997,0.31899999999999995,0.078,0.751,0.171
S131,c04,adaptive_acc,Adaptive,Accuracy,37,26,0,2429,Male,7,Honors,58,75,1,1.892,1.997,0.931,1.805,0.03299999999999992,1.994,1.421,1.374,0.72,0.9239999999999999,1.419,0.892,0.108,0
S132,c04,adaptive_full,Adaptive,Full,24,39,0,2189,Male,7,Honors,57,61,2,0.1120000000000001,1.157,0.45799999999999996,0.016000000000000014,0.008000000000000007,1.917,0.08299999999999996,0.506,0.6719999999999999,0.44399999999999995,0.06699999999999995,0,0.112,0.888
S133,c04,linear_full,Linear,Full,37,26,0,2550,Male,7,Honors,50,54,1,0.4630000000000001,1.81,0.5720000000000001,0.403,0.792,1.957,0.43700000000000006,1.017,1.7389999999999999,0.26,0.18399999999999994,0.004,0.455,0.541
S134,c04,adaptive_acc,Adaptive,Accuracy,29,34,0,2403,Male,6,Honors,60,67,2,0.42100000000000004,1.391,0.558,0.03200000000000003,0.22199999999999998,1.984,0.3779999999999999,0.11299999999999999,0.5149999999999999,0.44900000000000007,1.0659999999999998,0.005,0.411,0.584
S135,c04,adaptive_full,Adaptive,Full,39,24,0,2035,Female,3,Honors,56,60,1,1.8780000000000001,1.997,0.9279999999999999,1.576,0.03200000000000003,1.998,1.616,1.893,0.31400000000000006,1.6179999999999999,1.025,0.878,0.122,0
S136,c04,linear_full,Linear,Full,43,18,2,-999,Female,7,Honors,60,64,2,1.896,1.999,0.931,1.918,0.15300000000000002,2,0.857,1.087,1.933,1.369,0.3560000000000001,0.896,0.104,0
S140,c05,adaptive_acc,Adaptive,Accuracy,15,17,31,-999,Female,6,Honors,39,48,1,0.562,1.834,0.603,0.2609999999999999,0.17300000000000004,1.711,0.895,0.938,0.6439999999999999,0.786,0.17500000000000004,0.009,0.544,0.447
S141,c05,adaptive_full,Adaptive,Full,41,21,1,2343,Female,3,Honors,57,53,2,1.983,1.999,0.9490000000000001,1.633,0.16100000000000003,2,0.837,1.884,1.532,1.244,1.76,0.983,0.017,0
S142,c05,linear_full,Linear,Full,25,38,0,2482,Female,7,Honors,50,57,1,0.2270000000000001,1.516,0.496,0.28200000000000003,0.008000000000000007,1.4300000000000002,0.07800000000000007,0.861,0.5920000000000001,0.16100000000000003,0.018999999999999906,0.001,0.225,0.774
S143,c05,adaptive_acc,Adaptive,Accuracy,34,27,2,-999,Female,7,Honors,63,67,2,1.926,1.998,0.937,1.816,0.014999999999999902,1.999,1.028,0.11099999999999999,0.6020000000000001,0.5349999999999999,1.506,0.926,0.074,0
S144,c05,adaptive_full,Adaptive,Full,41,7,15,-999,Female,7,Honors,64,69,1,1.995,2,0.952,1.84,1.468,2,1.654,1.974,1.974,1.798,1.3599999999999999,0.995,0.005,0
S145,c05,linear_full,Linear,Full,19,44,0,2119,Female,7,Honors,45,47,2,0.052000000000000046,1.421,0.43900000000000006,0.03200000000000003,0.018999999999999906,0.6819999999999999,0.010000000000000009,0.861,0.04899999999999993,0.20599999999999996,0.026999999999999913,0,0.051,0.948
S146,c05,adaptive_acc,Adaptive,Accuracy,20,23,20,-999,Female,7,Honors,56,57,1,0.8220000000000001,1.676,0.6839999999999999,0.97,0.014999999999999902,1.939,1.0510000000000002,0.831,0.6220000000000001,0.2689999999999999,0.10299999999999998,0.043,0.736,0.221
S147,c05,adaptive_full,Adaptive,Full,38,24,1,2473,Male,7,Honors,66,64,2,1.957,1.984,0.944,1.827,0.04899999999999993,2,1.3319999999999999,1.7189999999999999,1.839,1.2930000000000001,1.288,0.957,0.043,0
S148,c05,linear_full,Linear,Full,40,23,0,1899,Female,8,Honors,50,66,1,1.773,1.998,0.9059999999999999,1.52,1.593,1.989,0.6120000000000001,0.7689999999999999,1.912,1.28,0.18599999999999994,0.774,0.226,0.001
S149,c05,adaptive_acc,Adaptive,Accuracy,42,20,1,1915,Female,7,Honors,60,70,2,1.742,1.993,0.8999999999999999,1.7530000000000001,0.4910000000000001,1.998,1.27,1.918,1.556,1.565,0.17700000000000005,0.743,0.257,0.001
S150,c05,adaptive_full,Adaptive,Full,32,31,0,2646,Male,7,Honors,53,72,1,0.954,1.942,0.724,0.661,0.008000000000000007,1.976,0.5800000000000001,1.335,1.162,0.9710000000000001,0.129,0.065,0.823,0.112
S151,c05,linear_full,Linear,Full,29,34,0,1898,Female,2,Honors,57,70,2,1.188,1.972,0.782,1.2,0.03699999999999992,1.433,0.9630000000000001,0.252,1.274,0.3340000000000001,0.1140000000000001,0.217,0.755,0.028
S152,c05,adaptive_acc,Adaptive,Accuracy,31,21,11,-999,Female,3,Honors,73,60,1,1.748,1.997,0.901,1.506,0.062000000000000055,1.996,1.1,0.1160000000000001,1.592,0.653,0.627,0.749,0.25,0.001
S153,c05,adaptive_full,Adaptive,Full,22,41,0,1656,Male,7,Honors,48,70,2,0.0029999999999998916,1.073,0.42300000000000004,0.06699999999999995,0.05400000000000005,0.708,0.010999999999999899,1.248,1.48,0.06299999999999994,0.04499999999999993,0,0.003,0.997
S154,c05,linear_full,Linear,Full,51,12,0,2693,Male,7,Honors,56,72,1,1.983,2,0.9490000000000001,1.836,1.504,2,1.3559999999999999,1.837,1.964,1.557,1.843,0.983,0.017,0
S155,c05,adaptive_acc,Adaptive,Accuracy,28,31,4,-999,Male,6,Honors,45,58,2,0.815,1.912,0.6839999999999999,0.29800000000000004,0.04499999999999993,1.96,0.33899999999999997,0.526,0.2470000000000001,0.536,0.131,0.022,0.771,0.207
S156,c05,adaptive_full,Adaptive,Full,40,22,1,2307,Male,7,Honors,67,72,1,1.108,1.99,0.764,1.521,0.1299999999999999,1.986,0.31899999999999995,1.855,1.029,0.9450000000000001,1.423,0.148,0.811,0.041
S157,c06,adaptive_acc,Adaptive,Accuracy,19,44,0,1737,Female,8,Academic,47,54,1,0.016999999999999904,1.403,0.42700000000000005,0.010999999999999899,0.040000000000000036,1.2269999999999999,0.04400000000000004,0.2450000000000001,0.07000000000000006,0.22100000000000009,0.030000000000000027,0,0.017,0.983
S158,c06,adaptive_full,Adaptive,Full,37,25,1,2480,Female,8,Academic,57,67,2,1.604,1.993,0.871,0.16100000000000003,0.909,1.946,0.7210000000000001,1.8599999999999999,1.808,1.578,0.595,0.605,0.393,0.002
S159,c06,linear_full,Linear,Full,25,38,0,2506,Female,7,Academic,47,48,1,0.19799999999999995,1.222,0.486,0.020000000000000018,0.127,1.444,0.06600000000000006,0.512,1.412,0.2310000000000001,0.03299999999999992,0.001,0.197,0.802
S160,c06,adaptive_acc,Adaptive,Accuracy,33,29,1,-999,Male,7,Academic,45,53,2,0.591,1.709,0.613,1.212,0.016999999999999904,1.883,0.663,1.5939999999999999,1.471,0.20999999999999996,0.2410000000000001,0.009,0.572,0.418
S161,c06,adaptive_full,Adaptive,Full,27,36,0,1301,Female,7,Academic,44,42,1,0.29499999999999993,1.76,0.518,0.31699999999999995,0.018999999999999906,1.3399999999999999,0.10699999999999998,0.859,0.8859999999999999,0.05699999999999994,0.04600000000000004,0.001,0.292,0.707
S162,c06,linear_full,Linear,Full,8,55,0,1139,Female,3,Academic,48,58,2,0,0.43900000000000006,0.42199999999999993,0.010000000000000009,0.016999999999999904,0.07200000000000006,0.026999999999999913,0.244,0.04899999999999993,0.17700000000000005,0.07400000000000007,0,0,1
S163,c06,adaptive_acc,Adaptive,Accuracy,18,45,0,1089,Male,7,Academic,44,66,1,0.17999999999999994,0.585,0.48,0.018999999999999906,0.018000000000000016,0.915,0.016999999999999904,0.5049999999999999,0.2769999999999999,0.30800000000000005,0.05499999999999994,0.002,0.176,0.822
S164,c06,adaptive_full,Adaptive,Full,22,41,0,1936,Female,6,Academic,51,50,2,0.17399999999999993,0.8959999999999999,0.478,0.018999999999999906,0.04200000000000004,1.295,0.16100000000000003,0.508,0.6100000000000001,0.3500000000000001,0.07400000000000007,0.001,0.171,0.828
S165,c06,linear_full,Linear,Full,17,46,0,1776,Female,2,Academic,44,60,1,0.0029999999999998916,0.44100000000000006,0.42300000000000004,0.010000000000000009,0.014999999999999902,0.758,0.02200000000000002,1.249,0.41100000000000003,0.21199999999999997,0.08800000000000008,0,0.003,0.997
S166,c06,adaptive_acc,Adaptive,Accuracy,14,49,0,1599,Female,5,Academic,36,58,2,9.999999999998899e-4,0.43900000000000006,0.42199999999999993,0.010000000000000009,0.0029999999999998916,1.302,0.016999999999999904,0.2430000000000001,0.75,0.1359999999999999,0.0129999999999999,0,0.001,0.999
S167,c06,adaptive_full,Adaptive,Full,18,45,0,2012,Female,6,Academic,41,57,1,0.04699999999999993,1.107,0.43700000000000006,0.01200000000000001,0.0029999999999998916,1.101,0.06600000000000006,0.4990000000000001,0.32699999999999996,0.1100000000000001,0.2370000000000001,0,0.047,0.953
S168,c06,linear_full,Linear,Full,10,53,0,1701,Female,7,Academic,33,50,2,9.999999999998899e-4,0.43999999999999995,0.42199999999999993,0.010000000000000009,0.014999999999999902,0.21599999999999997,0.05600000000000005,0.10400000000000009,0.07400000000000007,0.16300000000000003,0.17399999999999993,0,0.001,0.999
S169,c06,adaptive_acc,Adaptive,Accuracy,19,44,0,1368,Female,2,Academic,36,47,2,0.02200000000000002,1.405,0.42900000000000005,0.010999999999999899,0.008000000000000007,1.1680000000000001,0.010000000000000009,0.5,0.603,0.15100000000000002,0.04299999999999993,0,0.022,0.978
S170,c06,adaptive_full,Adaptive,Full,21,42,0,2017,Male,2,Academic,51,53,2,0.062000000000000055,0.798,0.44199999999999995,0.0129999999999999,0.11499999999999999,1.462,0.026000000000000023,0.10499999999999998,0.871,0.19300000000000006,0.02499999999999991,0,0.061,0.939
S171,c06,linear_full,Linear,Full,20,43,0,1698,Male,7,Academic,61,54,1,0.31000000000000005,1.561,0.5229999999999999,0.026000000000000023,0.020000000000000018,0.962,0.18199999999999994,0.504,0.08400000000000007,0.20700000000000007,0.03400000000000003,0.002,0.307,0.691
S177,c07,adaptive_acc,Adaptive,Accuracy,9,54,0,1913,Male,6,Part 1,36,45,1,0,0.744,0.42199999999999993,0.010000000000000009,0.0029999999999998916,0.3859999999999999,0.04899999999999993,0.2430000000000001,0.16900000000000004,0.15399999999999991,0.06000000000000005,0,0,1
S178,c07,adaptive_full,Adaptive,Full,21,42,0,2364,Male,6,Part 1,51,53,2,0.41999999999999993,1.109,0.5569999999999999,0.03200000000000003,0.018999999999999906,1.416,0.18999999999999995,0.246,0.32600000000000007,0.2589999999999999,0.30699999999999994,0.01,0.399,0.591
S179,c07,linear_full,Linear,Full,23,39,1,-999,Male,4,Part 1,44,45,1,0.806,1.661,0.6779999999999999,0.30200000000000005,0.006999999999999895,1.7389999999999999,0.2230000000000001,0.10499999999999998,0.889,0.1060000000000001,0.1120000000000001,0.047,0.713,0.241
S180,c07,adaptive_acc,Adaptive,Accuracy,22,41,0,2206,Male,3,Part 1,48,50,2,0.02299999999999991,0.764,0.42900000000000005,0.010999999999999899,0.010999999999999899,1.486,0.020000000000000018,1.249,1.095,0.20300000000000007,0.02400000000000002,0,0.023,0.977
S181,c07,adaptive_full,Adaptive,Full,8,55,0,1586,Male,7,Part 1,53,48,1,0,0.43900000000000006,0.42199999999999993,0.010000000000000009,0.008000000000000007,0.14900000000000002,0.016000000000000014,0.857,0.12400000000000011,0.1140000000000001,0.03499999999999992,0,0,1
S182,c07,linear_full,Linear,Full,29,34,0,1831,Female,7,Part 1,54,56,2,0.264,1.536,0.5069999999999999,0.02299999999999991,0.15599999999999992,1.736,0.09000000000000008,1.302,1.2810000000000001,0.4770000000000001,0.18399999999999994,0.001,0.262,0.737
S183,c07,adaptive_acc,Adaptive,Accuracy,20,43,0,1289,Female,7,Part 1,47,60,1,0.0029999999999998916,0.44199999999999995,0.42300000000000004,0.010000000000000009,0.599,0.573,0.3420000000000001,0.982,0.657,0.4630000000000001,0.08899999999999997,0,0.003,0.997
S184,c07,adaptive_full,Adaptive,Full,10,53,0,1270,Male,3,Part 1,42,47,2,9.999999999998899e-4,0.43999999999999995,0.42199999999999993,0.010000000000000009,0.0029999999999998916,0.615,0.014000000000000012,0.2450000000000001,0.018000000000000016,0.391,0.02400000000000002,0,0.001,0.999
S186,c07,adaptive_acc,Adaptive,Accuracy,18,45,0,1821,Male,1,Part 1,48,41,2,0.10699999999999998,1.1520000000000001,0.45599999999999996,0.014999999999999902,0.0029999999999998916,0.6930000000000001,0.026999999999999913,0.498,1.349,0.04200000000000004,0.07699999999999996,0,0.106,0.893
S187,c07,adaptive_full,Adaptive,Full,13,50,0,979,Male,7,Part 1,-999,-999,1,0.0020000000000000018,0.43999999999999995,0.42199999999999993,0.010000000000000009,0.01200000000000001,0.6759999999999999,0.31699999999999995,0.25,0.07200000000000006,0.813,0.04200000000000004,0,0.002,0.998
S188,c07,linear_full,Linear,Full,11,52,0,2015,Female,3,Part 1,-999,-999,2,9.999999999998899e-4,1.071,0.42199999999999993,0.010000000000000009,0.018999999999999906,0.3799999999999999,0.010000000000000009,0.10400000000000009,0.06099999999999994,0.21599999999999997,0.030000000000000027,0,0.001,0.999
S189,c07,adaptive_acc,Adaptive,Accuracy,14,47,0,1210,Male,7,Part 1,41,39,1,0,0.43900000000000006,0.42199999999999993,0.010000000000000009,0.03600000000000003,0.7490000000000001,0.119,0.895,0.274,0.8799999999999999,0.038999999999999924,0,0,1
S194,c08,adaptive_acc,Adaptive,Accuracy,4,59,0,2665,Female,3,Part 1,41,51,1,0,0.43900000000000006,0.42199999999999993,0.010000000000000009,0.006999999999999895,0.03400000000000003,0.016999999999999904,0.10400000000000009,0.050999999999999934,0.08299999999999996,0.07600000000000007,0,0,1
S195,c08,adaptive_full,Adaptive,Full,10,53,0,1539,Female,3,Part 1,51,44,2,9.999999999998899e-4,0.7450000000000001,0.42199999999999993,0.010000000000000009,0.016999999999999904,0.1279999999999999,0.026000000000000023,0.10400000000000009,0.125,0.17300000000000004,0.07099999999999995,0,0.001,0.999
S196,c08,linear_full,Linear,Full,23,40,0,2596,Female,7,Part 1,36,45,1,0.42999999999999994,0.7889999999999999,0.5609999999999999,0.03299999999999992,0.014999999999999902,1.766,0.8540000000000001,0.512,0.399,0.4850000000000001,0.06499999999999995,0.008,0.414,0.578
S197,c08,adaptive_acc,Adaptive,Accuracy,11,52,0,2019,Female,6,Part 1,36,44,2,0,0.43900000000000006,0.42199999999999993,0.010000000000000009,0.0029999999999998916,1.194,0.018999999999999906,0.10400000000000009,0.04200000000000004,0.22199999999999998,0.08099999999999996,0,0,1
S198,c08,adaptive_full,Adaptive,Full,12,51,0,1841,Male,7,Part 1,44,48,1,0,0.43900000000000006,0.42199999999999993,0.010000000000000009,0.016999999999999904,0.6970000000000001,0.05800000000000005,0.244,0.29899999999999993,0.276,0.04600000000000004,0,0,1
S199,c08,linear_full,Linear,Full,17,46,0,2208,Male,3,Part 1,48,47,2,0.0020000000000000018,0.7450000000000001,0.42300000000000004,0.010000000000000009,0.016999999999999904,1.178,0.09699999999999998,0.2430000000000001,0.833,0.1399999999999999,0.014999999999999902,0,0.002,0.998
S200,c08,adaptive_acc,Adaptive,Accuracy,27,36,0,1753,Male,2,Part 1,44,45,1,0.45999999999999996,1.42,0.571,0.03400000000000003,0.07200000000000006,1.552,0.31299999999999994,1.2770000000000001,0.7969999999999999,0.32899999999999996,0.04600000000000004,0.007,0.447,0.546
S201,c08,adaptive_full,Adaptive,Full,18,45,0,1668,Male,7,Part 1,36,41,2,0.06400000000000006,1.858,0.44300000000000006,0.0129999999999999,0.006999999999999895,1.091,0.016000000000000014,0.10400000000000009,0.1339999999999999,0.16399999999999992,0.018999999999999906,0,0.064,0.936
S202,c08,linear_full,Linear,Full,25,38,0,2112,Female,3,Part 1,39,42,1,0.31200000000000006,1.893,0.5229999999999999,0.026000000000000023,0.0040000000000000036,1.588,0.32000000000000006,1.245,0.391,0.028999999999999915,0.018999999999999906,0.001,0.311,0.689
S203,c08,adaptive_acc,Adaptive,Accuracy,13,50,0,1910,Male,3,Part 1,33,30,2,9.999999999998899e-4,0.43999999999999995,0.42199999999999993,0.010000000000000009,0.22999999999999998,0.3340000000000001,0.03499999999999992,0.10699999999999998,0.040000000000000036,0.236,0.121,0,0.001,0.999
S204,c08,adaptive_full,Adaptive,Full,26,37,0,1902,Male,3,Part 1,53,57,1,0.19799999999999995,1.5,0.486,0.268,0.02400000000000002,1.232,0.11099999999999999,0.859,0.492,0.052999999999999936,0.2689999999999999,0.001,0.196,0.803
S208,c09,adaptive_acc,Adaptive,Accuracy,16,12,35,-999,Female,2,Academic,47,45,1,1.53,1.98,0.855,1.65,0.07000000000000006,1.97,0.933,0.942,1.708,0.7989999999999999,0.3879999999999999,0.536,0.459,0.006
S209,c09,adaptive_full,Adaptive,Full,24,39,0,2672,Female,8,Academic,48,58,2,0.345,0.7190000000000001,0.5329999999999999,0.637,0.0029999999999998916,1.3679999999999999,0.599,0.528,0.937,1.0110000000000001,0.06899999999999995,0.012,0.321,0.667
S210,c09,linear_full,Linear,Full,23,40,0,1658,Female,7,Academic,50,57,1,0.05499999999999994,0.484,0.43999999999999995,0.0129999999999999,0.008000000000000007,1.752,0.121,1.248,0.552,0.17500000000000004,0.05499999999999994,0,0.055,0.945
S211,c09,adaptive_acc,Adaptive,Accuracy,17,46,0,1327,Female,6,Academic,42,44,2,0.0020000000000000018,0.7450000000000001,0.42199999999999993,0.010000000000000009,0.018000000000000016,1.3050000000000002,0.016000000000000014,0.2430000000000001,0.7490000000000001,0.09800000000000009,0.026999999999999913,0,0.002,0.998
S212,c09,adaptive_full,Adaptive,Full,20,43,0,1454,Female,5,Academic,58,57,1,0.008999999999999897,0.7509999999999999,0.42500000000000004,0.010000000000000009,0.020999999999999908,1.369,0.03600000000000003,0.861,0.15399999999999991,0.20700000000000007,0.18199999999999994,0,0.009,0.991
S213,c09,linear_full,Linear,Full,16,47,0,1875,Female,6,Academic,45,53,2,0.0129999999999999,1.081,0.42599999999999993,0.010000000000000009,0.02200000000000002,0.9930000000000001,0.006000000000000005,0.2430000000000001,0.030999999999999917,0.119,0.03699999999999992,0,0.013,0.987
S214,c09,adaptive_acc,Adaptive,Accuracy,20,43,0,2001,Male,5,Academic,50,57,1,0.1299999999999999,1.17,0.46399999999999997,0.04200000000000004,0.030999999999999917,1.155,0.54,0.1060000000000001,0.10899999999999999,0.41300000000000003,0.131,0,0.129,0.871
S215,c09,adaptive_full,Adaptive,Full,38,25,0,2336,Male,7,Academic,69,67,2,1.7610000000000001,1.998,0.903,1.759,0.01200000000000001,1.998,0.5860000000000001,0.9079999999999999,1.5070000000000001,0.46599999999999997,1.141,0.761,0.238,0.001
S216,c09,linear_full,Linear,Full,45,18,0,2050,Male,7,Academic,64,78,1,1.968,1.999,0.946,1.831,0.127,2,1.567,1.4300000000000002,1.419,1.099,1.522,0.968,0.032,0
S217,c09,adaptive_acc,Adaptive,Accuracy,22,41,0,2111,Female,6,Academic,51,56,2,0.367,1.591,0.5409999999999999,0.028999999999999915,0.04899999999999993,1.359,0.405,0.248,0.08200000000000007,0.31899999999999995,0.06299999999999994,0.002,0.362,0.636
S218,c09,adaptive_full,Adaptive,Full,33,30,0,1516,Male,7,Academic,61,69,1,1.064,1.963,0.754,1.7610000000000001,0.006000000000000005,1.659,0.2450000000000001,1.81,1.042,0.09899999999999998,0.508,0.114,0.837,0.05
S219,c09,linear_full,Linear,Full,25,38,0,1370,Male,7,Academic,66,73,2,0.8700000000000001,1.709,0.6990000000000001,0.06000000000000005,0.01200000000000001,1.8599999999999999,0.683,1.292,0.16700000000000004,0.558,0.05600000000000005,0.049,0.773,0.179
S220,c09,adaptive_acc,Adaptive,Accuracy,30,33,0,1927,Male,7,Academic,64,69,1,1.575,1.988,0.865,1.413,0.010000000000000009,1.898,0.1200000000000001,0.911,0.4930000000000001,0.536,1.1219999999999999,0.58,0.416,0.005
S221,c09,adaptive_full,Adaptive,Full,26,37,0,2201,Male,5,Academic,60,67,2,0.657,1.559,0.6319999999999999,0.2549999999999999,0.040000000000000036,1.7610000000000001,0.32899999999999996,0.254,0.72,0.526,0.17199999999999993,0.026,0.605,0.369
S222,c09,linear_full,Linear,Full,14,47,0,1491,Male,6,Academic,41,36,1,0,1.071,0.42199999999999993,0.010000000000000009,0.0029999999999998916,1.125,0.016000000000000014,0.8560000000000001,0.1120000000000001,0.050000000000000044,0.038999999999999924,0,0,1
S223,c09,adaptive_acc,Adaptive,Accuracy,14,49,0,1552,Female,7,Academic,54,61,2,0.010000000000000009,0.44700000000000006,0.42500000000000004,0.010000000000000009,0.016999999999999904,0.837,0.016000000000000014,0.10400000000000009,0.16599999999999993,0.17500000000000004,0.05600000000000005,0,0.01,0.99
S228,c10,adaptive_acc,Adaptive,Accuracy,18,45,0,2253,Male,7,Academic,47,51,1,0.123,1.165,0.46199999999999997,0.016000000000000014,0.0029999999999998916,1.673,0.010999999999999899,0.10400000000000009,0.07600000000000007,0.08699999999999997,0.4059999999999999,0,0.123,0.877
S229,c10,adaptive_full,Adaptive,Full,24,39,0,2657,Female,8,Academic,54,61,2,0.052000000000000046,0.4810000000000001,0.43900000000000006,0.01200000000000001,0.0029999999999998916,1.968,0.30600000000000005,0.8620000000000001,0.6000000000000001,0.2829999999999999,0.10699999999999998,0,0.051,0.948
S230,c10,linear_full,Linear,Full,41,22,0,2607,Female,7,Academic,44,63,1,1.888,1.999,0.9299999999999999,1.917,0.3480000000000001,1.996,1.697,1.801,0.31299999999999994,1.6560000000000001,0.3600000000000001,0.888,0.112,0
S231,c10,adaptive_acc,Adaptive,Accuracy,37,25,1,2285,Female,6,Academic,57,76,2,1.463,1.934,0.841,0.1379999999999999,0.774,1.991,1.204,1.904,1.28,0.913,0.43399999999999994,0.469,0.525,0.006
S232,c10,adaptive_full,Adaptive,Full,21,42,0,1942,Female,7,Academic,44,72,1,0.776,1.647,0.6699999999999999,0.052999999999999936,0.0020000000000000018,1.565,0.9079999999999999,0.10499999999999998,1.612,0.21900000000000008,0.062000000000000055,0.032,0.711,0.256
S233,c10,linear_full,Linear,Full,45,18,0,2243,Female,6,Academic,57,61,2,1.976,2,0.948,1.834,0.08400000000000007,2,1.33,1.744,1.2530000000000001,1.472,0.7729999999999999,0.976,0.024,0
S234,c10,adaptive_acc,Adaptive,Accuracy,14,49,0,1496,Male,7,Academic,50,45,1,0.0020000000000000018,0.43999999999999995,0.42199999999999993,0.010000000000000009,0.0029999999999998916,0.9259999999999999,0.026000000000000023,0.2430000000000001,1.1909999999999998,0.07499999999999996,0.018000000000000016,0,0.002,0.998
S235,c10,adaptive_full,Adaptive,Full,30,33,0,1864,Female,7,Academic,54,61,2,0.843,1.966,0.694,0.05499999999999994,0.135,1.978,0.125,0.29000000000000004,0.1399999999999999,1.075,1.28,0.018,0.806,0.175
S236,c10,linear_full,Linear,Full,16,47,0,1960,Female,7,Academic,58,45,1,0.0029999999999998916,0.746,0.42300000000000004,0.010000000000000009,0.821,0.028000000000000025,0.03600000000000003,1.427,0.050000000000000044,0.5700000000000001,0.06699999999999995,0,0.003,0.997
S237,c10,adaptive_acc,Adaptive,Accuracy,26,23,14,-999,Male,3,Academic,42,64,2,0.31800000000000006,1.022,0.5249999999999999,0.15599999999999992,0.04499999999999993,1.987,0.7609999999999999,1.2,1.271,0.53,0.6499999999999999,0.006,0.307,0.688
S238,c10,adaptive_full,Adaptive,Full,33,30,0,1952,Female,2,Academic,47,60,1,0.645,1.939,0.6299999999999999,1.249,0.254,1.787,0.18900000000000006,1.385,0.06699999999999995,0.867,0.46799999999999997,0.01,0.625,0.365
S239,c10,linear_full,Linear,Full,38,25,0,2574,Male,7,Academic,54,56,2,1.751,1.994,0.901,1.893,0.2370000000000001,1.99,1.405,0.15900000000000003,1.54,1.463,0.2410000000000001,0.751,0.248,0
S240,c10,adaptive_acc,Adaptive,Accuracy,22,41,0,2341,Female,6,Academic,50,60,1,0.004999999999999893,1.672,0.42300000000000004,0.16900000000000004,0.04200000000000004,0.8640000000000001,0.242,0.5129999999999999,0.363,0.643,0.07299999999999995,0,0.005,0.995
S241,c10,adaptive_full,Adaptive,Full,34,29,0,1971,Female,8,Academic,27,53,2,0.9430000000000001,1.99,0.722,1.4409999999999998,0.006999999999999895,1.994,0.4650000000000001,0.1060000000000001,0.9119999999999999,0.32699999999999996,0.935,0.05,0.843,0.107
S242,c10,linear_full,Linear,Full,32,31,0,2425,Female,6,Academic,44,54,1,1.1059999999999999,1.823,0.762,0.08499999999999996,0.4810000000000001,1.989,1.2269999999999999,0.3420000000000001,0.6120000000000001,0.7529999999999999,0.782,0.16,0.785,0.054
S243,c10,adaptive_acc,Adaptive,Accuracy,24,39,0,2248,Female,7,Academic,60,64,2,0.40900000000000003,1.794,0.5549999999999999,0.17999999999999994,0.0029999999999998916,1.728,0.07099999999999995,0.244,0.9390000000000001,0.11099999999999999,0.040000000000000036,0.002,0.405,0.593
S249,c11,adaptive_acc,Adaptive,Accuracy,15,48,0,2046,Male,7,Academic,41,54,1,0,0.744,0.42199999999999993,0.010000000000000009,0.03400000000000003,1.075,0.04499999999999993,0.2509999999999999,0.04600000000000004,0.7749999999999999,0.20599999999999996,0,0,1
S250,c11,adaptive_full,Adaptive,Full,26,37,0,1754,Female,7,Academic,57,53,2,0.6499999999999999,1.866,0.6319999999999999,0.04400000000000004,0.05400000000000005,1.7349999999999999,0.41100000000000003,0.5109999999999999,0.4059999999999999,0.2549999999999999,0.050999999999999934,0.007,0.636,0.357
S251,c11,linear_full,Linear,Full,26,37,0,1356,Male,7,Academic,41,51,1,0.18999999999999995,1.496,0.484,0.020000000000000018,0.5229999999999999,1.115,0.69,0.6060000000000001,1.036,0.595,0.07200000000000006,0,0.189,0.81
S252,c11,adaptive_acc,Adaptive,Accuracy,7,56,0,1136,Female,7,Academic,51,47,2,0,0.43900000000000006,0.42199999999999993,0.010000000000000009,0.008999999999999897,0.10499999999999998,0.008999999999999897,0.2430000000000001,0.31800000000000006,0.050999999999999934,0.03600000000000003,0,0,1
S253,c11,adaptive_full,Adaptive,Full,20,43,0,2658,Male,3,Academic,53,63,1,0.006000000000000005,0.7490000000000001,0.42399999999999993,0.010000000000000009,0.008000000000000007,1.786,0.04899999999999993,0.5,0.3540000000000001,0.15999999999999992,0.127,0,0.006,0.994
S254,c11,linear_full,Linear,Full,46,17,0,2688,Male,1,Academic,69,73,2,1.985,2,0.95,1.933,0.17300000000000004,2,1.304,1.0659999999999998,1.896,1.153,1.645,0.985,0.015,0
S255,c11,adaptive_acc,Adaptive,Accuracy,34,29,0,2190,Female,6,Academic,50,60,1,1.6059999999999999,1.974,0.8720000000000001,1.8679999999999999,0.038000000000000034,1.977,1.634,0.601,0.579,1.357,0.31499999999999995,0.607,0.391,0.001
S256,c11,adaptive_full,Adaptive,Full,13,49,0,2325,Female,8,Academic,36,36,2,0.0020000000000000018,0.7450000000000001,0.42199999999999993,0.026000000000000023,0.03299999999999992,0.15999999999999992,0.018000000000000016,0.504,0.07200000000000006,0.3560000000000001,0.06899999999999995,0,0.002,0.998
S257,c11,linear_full,Linear,Full,20,43,0,1141,Female,7,Academic,61,57,1,0.040999999999999925,1.416,0.43500000000000005,0.42300000000000004,9.999999999998899e-4,1.213,0.010999999999999899,0.498,0.18999999999999995,0.030999999999999917,0.016000000000000014,0,0.041,0.959
S258,c11,adaptive_acc,Adaptive,Accuracy,24,39,0,1485,Female,7,Academic,54,56,2,0.4119999999999999,1.385,0.5549999999999999,0.030999999999999917,9.999999999998899e-4,1.977,0.5049999999999999,0.2450000000000001,0.48,0.20599999999999996,1.053,0.004,0.404,0.592
S259,c11,adaptive_full,Adaptive,Full,35,27,1,1916,Male,2,Academic,61,78,1,1.256,1.985,0.798,0.8380000000000001,0.121,1.971,1.537,1.374,0.6819999999999999,0.891,0.06499999999999995,0.267,0.723,0.011
S260,c11,linear_full,Linear,Full,29,34,0,2032,Female,7,Academic,57,64,2,0.667,1.567,0.6359999999999999,0.863,0.006000000000000005,1.807,0.5700000000000001,1.6019999999999999,0.9279999999999999,0.3580000000000001,0.02299999999999991,0.027,0.614,0.36
S261,c11,adaptive_acc,Adaptive,Accuracy,23,40,0,1765,Female,7,Academic,53,45,1,0.15399999999999991,1.717,0.472,0.018000000000000016,0.040000000000000036,0.99,0.04400000000000004,0.869,0.23399999999999999,0.28600000000000003,0.7350000000000001,0,0.153,0.847
S262,c11,adaptive_full,Adaptive,Full,18,45,0,1539,Female,7,Academic,51,56,2,0.08899999999999997,1.139,0.45100000000000007,0.014000000000000012,0.0029999999999998916,1.467,0.006999999999999895,0.2430000000000001,0.09200000000000008,0.04200000000000004,0.44500000000000006,0,0.089,0.911
S263,c11,linear_full,Linear,Full,28,35,0,2405,Male,2,Academic,58,54,1,0.512,1.459,0.587,0.03699999999999992,0.03699999999999992,1.641,0.16799999999999993,1.812,1.246,0.20900000000000007,0.02299999999999991,0.008,0.497,0.495
S269,c12,adaptive_acc,Adaptive,Accuracy,16,22,25,-999,Male,6,ELL,36,39,1,0.33699999999999997,1.327,0.5309999999999999,0.18399999999999994,0.026000000000000023,1.6099999999999999,0.014999999999999902,0.8260000000000001,0.4159999999999999,0.2450000000000001,0.04299999999999993,0.004,0.329,0.667
S270,c12,adaptive_full,Adaptive,Full,12,22,29,-999,Female,6,ELL,27,39,2,0.16799999999999993,0.891,0.476,0.127,0.04699999999999993,1.797,0.05600000000000005,0.8380000000000001,0.395,0.41999999999999993,0.19799999999999995,0.002,0.164,0.834
S271,c12,linear_full,Linear,Full,11,29,23,2578,Female,6,ELL,33,36,1,0.02400000000000002,0.764,0.42999999999999994,0.010999999999999899,0.01200000000000001,1.142,0.028000000000000025,0.5,0.3819999999999999,0.16300000000000003,0.30800000000000005,0,0.023,0.976
S272,c12,adaptive_acc,Adaptive,Accuracy,8,22,33,-999,Male,6,ELL,30,44,2,0.01200000000000001,1.327,0.42599999999999993,0.07499999999999996,0.04499999999999993,0.41300000000000003,0.018999999999999906,0.815,0.04600000000000004,0.1459999999999999,0.09899999999999998,0,0.012,0.988
S273,c12,adaptive_full,Adaptive,Full,7,56,0,2368,Male,6,ELL,33,39,1,0,0.43900000000000006,0.42199999999999993,0.010000000000000009,0.006999999999999895,0.18700000000000006,0.010999999999999899,0.244,0.07099999999999995,0.23399999999999999,0.03400000000000003,0,0,1
S274,c12,linear_full,Linear,Full,10,53,0,1345,Female,6,ELL,36,39,2,0,0.43900000000000006,0.42199999999999993,0.02499999999999991,0.006999999999999895,0.17100000000000004,0.09099999999999997,0.504,0.19599999999999995,0.45199999999999996,0.03299999999999992,0,0,1
S275,c12,adaptive_acc,Adaptive,Accuracy,2,36,25,-999,Male,4,ELL,27,33,1,0,0.43900000000000006,0.42199999999999993,0.03299999999999992,0.018999999999999906,0.05899999999999994,0.014000000000000012,0.808,0.06699999999999995,0.07400000000000007,0.040000000000000036,0,0,1
S276,c12,adaptive_full,Adaptive,Full,5,24,34,-999,Female,6,ELL,36,41,2,0,1.088,0.42199999999999993,0.07099999999999995,0.018000000000000016,0.534,0.01200000000000001,0.8069999999999999,1.1059999999999999,0.05800000000000005,0.03200000000000003,0,0,1
S277,c12,linear_full,Linear,Full,13,50,0,2389,Female,6,ELL,39,51,1,0,0.43900000000000006,0.42199999999999993,0.02499999999999991,0.026000000000000023,0.20900000000000007,0.014000000000000012,1.2469999999999999,0.29499999999999993,0.1140000000000001,0.03400000000000003,0,0,1
S278,c12,adaptive_acc,Adaptive,Accuracy,9,54,0,1683,Female,2,ELL,48,44,2,0,0.744,0.42199999999999993,0.010000000000000009,0.006000000000000005,0.06699999999999995,0.04400000000000004,0.502,0.04899999999999993,0.3640000000000001,0.07200000000000006,0,0,1
S279,c12,adaptive_full,Adaptive,Full,3,17,43,2687,Male,6,ELL,27,42,1,9.999999999998899e-4,1.513,0.42199999999999993,0.10699999999999998,0.038999999999999924,0.6839999999999999,0.020000000000000018,0.8109999999999999,0.14900000000000002,0.08499999999999996,0.31699999999999995,0,0.001,0.999
S280,c12,linear_full,Linear,Full,9,41,13,2502,Male,6,ELL,30,47,2,9.999999999998899e-4,0.744,0.42199999999999993,0.026000000000000023,0.0029999999999998916,0.56,0.052999999999999936,0.244,0.3600000000000001,0.28200000000000003,0.29200000000000004,0,0.001,0.999
S281,c12,adaptive_acc,Adaptive,Accuracy,9,30,23,-999,Female,4,ELL,33,42,1,0.0040000000000000036,0.7470000000000001,0.42300000000000004,0.05699999999999994,0.02200000000000002,0.44500000000000006,0.016000000000000014,0.8160000000000001,0.06899999999999995,0.266,0.20999999999999996,0,0.004,0.996
S282,c12,adaptive_full,Adaptive,Full,7,23,33,-999,Male,6,ELL,33,39,2,0.05400000000000005,1.384,0.43900000000000006,0.08899999999999997,0.02299999999999991,0.41900000000000004,0.026000000000000023,0.821,0.05800000000000005,0.31699999999999995,0.038000000000000034,0,0.054,0.946
S283,c12,linear_full,Linear,Full,13,50,0,1390,Female,6,ELL,41,48,1,0,0.43900000000000006,0.42199999999999993,0.010000000000000009,0.02299999999999991,0.694,0.028999999999999915,0.867,0.07499999999999996,0.387,0.02200000000000002,0,0,1
S284,c12,adaptive_acc,Adaptive,Accuracy,6,57,0,2122,Male,4,ELL,36,39,2,0,0.43900000000000006,0.42199999999999993,0.010000000000000009,0.008000000000000007,0.22199999999999998,0.0040000000000000036,0.10400000000000009,0.07000000000000006,0.04899999999999993,0.03400000000000003,0,0,1
S285,c12,adaptive_full,Adaptive,Full,5,58,0,1926,Male,2,ELL,50,45,1,0,0.43900000000000006,0.42199999999999993,0.010000000000000009,0.008000000000000007,0.1519999999999999,0.026999999999999913,0.10400000000000009,0.04600000000000004,0.2350000000000001,0.03499999999999992,0,0,1
S291,c13,adaptive_acc,Adaptive,Accuracy,7,56,0,815,Female,-999,Part 2,47,33,1,0,0.43900000000000006,0.42199999999999993,0.010000000000000009,9.999999999998899e-4,0.1519999999999999,0.026999999999999913,0.5,0.04600000000000004,0.238,0.03499999999999992,0,0,1
S292,c13,adaptive_full,Adaptive,Full,12,51,0,1235,Male,6,Part 2,39,47,2,0,0.43900000000000006,0.42199999999999993,0.010000000000000009,0.016999999999999904,0.804,0.02299999999999991,0.244,0.16900000000000004,0.19599999999999995,0.08499999999999996,0,0,1
S293,c13,linear_full,Linear,Full,9,54,0,1399,Male,6,Regular,41,39,1,9.999999999998899e-4,0.43999999999999995,0.42199999999999993,0.010000000000000009,0.0029999999999998916,0.599,0.020000000000000018,0.10400000000000009,0.030999999999999917,0.19500000000000006,0.02499999999999991,0,0.001,0.999
S294,c13,adaptive_acc,Adaptive,Accuracy,14,49,0,1307,Male,6,Regular,57,50,2,0.01200000000000001,0.44799999999999995,0.42599999999999993,0.010000000000000009,0.006999999999999895,0.9339999999999999,0.010000000000000009,0.244,0.08899999999999997,0.2569999999999999,0.038000000000000034,0,0.012,0.988
S295,c13,adaptive_full,Adaptive,Full,16,46,0,1572,Male,6,Regular,41,51,1,0.006999999999999895,0.44399999999999995,0.42399999999999993,0.010000000000000009,0.006999999999999895,0.937,0.018000000000000016,0.863,0.702,0.3460000000000001,0.018000000000000016,0,0.007,0.993
S296,c13,linear_full,Linear,Full,24,39,0,1324,Male,3,Regular,48,39,2,0.10299999999999998,1.702,0.45500000000000007,0.4670000000000001,0.04499999999999993,1.2970000000000002,0.028999999999999915,0.10400000000000009,0.41999999999999993,0.10899999999999999,0.03400000000000003,0,0.102,0.898
S297,c13,adaptive_acc,Adaptive,Accuracy,17,46,0,1413,Female,3,Regular,44,51,1,0.0040000000000000036,0.44199999999999995,0.42300000000000004,0.010000000000000009,0.08699999999999997,0.907,0.23199999999999998,0.2549999999999999,0.3480000000000001,0.7769999999999999,0.03400000000000003,0,0.004,0.996
S298,c13,adaptive_full,Adaptive,Full,19,21,23,-999,Female,3,Regular,48,50,2,0.9970000000000001,1.934,0.7370000000000001,1.4689999999999999,0.018000000000000016,1.914,0.44100000000000006,0.833,0.31299999999999994,0.2370000000000001,0.16199999999999992,0.078,0.842,0.08
S299,c13,linear_full,Linear,Full,18,39,6,-999,Male,3,Regular,47,33,1,0.01200000000000001,0.754,0.42599999999999993,0.17300000000000004,0.06000000000000005,0.8799999999999999,0.004999999999999893,0.5009999999999999,0.038999999999999924,0.09299999999999997,0.1459999999999999,0,0.012,0.988
S300,c13,adaptive_acc,Adaptive,Accuracy,11,52,0,1674,Female,3,Regular,54,41,2,0,0.43900000000000006,0.42199999999999993,0.010000000000000009,0.008000000000000007,0.738,0.010999999999999899,0.10400000000000009,0.8049999999999999,0.131,0.04400000000000004,0,0,1
S301,c13,adaptive_full,Adaptive,Full,14,47,0,1880,Male,3,Regular,53,48,1,0.004999999999999893,0.44199999999999995,0.42300000000000004,0.010000000000000009,0.050000000000000044,0.8360000000000001,0.020000000000000018,0.10499999999999998,0.3819999999999999,0.18900000000000006,0.20799999999999996,0,0.005,0.995
S302,c13,linear_full,Linear,Full,28,35,0,1600,Female,5,Regular,45,50,2,0.817,1.675,0.683,0.1359999999999999,0.0029999999999998916,1.841,0.19799999999999995,1.25,1.903,0.06299999999999994,0.34299999999999997,0.039,0.74,0.221
S303,c13,adaptive_acc,Adaptive,Accuracy,14,31,16,-999,Female,3,Regular,44,57,1,0.014999999999999902,0.45100000000000007,0.42700000000000005,0.03499999999999992,0.018999999999999906,1.0939999999999999,0.07400000000000007,0.808,0.8899999999999999,0.08699999999999997,0.04800000000000004,0,0.015,0.985
S304,c13,adaptive_full,Adaptive,Full,12,18,33,-999,Male,3,Regular,39,58,2,0.8520000000000001,1.879,0.694,0.21399999999999997,0.038000000000000034,1.85,0.238,0.827,1.12,0.1499999999999999,0.45100000000000007,0.041,0.77,0.189
S305,c13,linear_full,Linear,Full,37,19,7,-999,Female,6,Regular,53,60,1,1.962,2,0.9450000000000001,1.829,0.006999999999999895,2,0.724,1.635,1.278,0.4690000000000001,1.807,0.962,0.038,0
S306,c13,adaptive_acc,Adaptive,Accuracy,15,29,19,-999,Male,8,Regular,54,53,2,0.131,1.464,0.46399999999999997,0.052999999999999936,0.018999999999999906,1.065,0.020000000000000018,0.8089999999999999,0.2410000000000001,0.052000000000000046,0.02400000000000002,0,0.13,0.87
S307,c13,adaptive_full,Adaptive,Full,12,49,0,1553,Female,3,Part 2,44,57,1,0,0.744,0.42199999999999993,0.010000000000000009,0.010000000000000009,0.8069999999999999,0.07800000000000007,0.2430000000000001,0.07000000000000006,0.08899999999999997,0.08499999999999996,0,0,1
S308,c13,linear_full,Linear,Full,10,53,0,1246,Male,6,Part 2,42,36,2,0,0.43900000000000006,0.42199999999999993,0.3939999999999999,0.0029999999999998916,0.038999999999999924,0.0040000000000000036,0.498,0.08000000000000007,0.052999999999999936,0.038000000000000034,0,0,1
S315,c14,adaptive_acc,Adaptive,Accuracy,18,45,0,2328,Female,7,Part 2,53,36,1,0.004999999999999893,0.748,0.42399999999999993,0.026000000000000023,0.008000000000000007,1.278,0.05899999999999994,0.4990000000000001,0.1100000000000001,0.139,0.038000000000000034,0,0.005,0.995
S316,c14,adaptive_full,Adaptive,Full,11,9,43,-999,Female,1,Regular,45,61,2,1.045,1.922,0.744,0.6559999999999999,0.04200000000000004,1.972,0.931,0.8660000000000001,1.3639999999999999,0.4099999999999999,0.595,0.147,0.751,0.102
S317,c14,linear_full,Linear,Full,18,45,0,1385,Female,7,Regular,47,60,1,0.014000000000000012,1.401,0.42599999999999993,0.010000000000000009,0.018000000000000016,0.9830000000000001,0.006000000000000005,0.2430000000000001,0.687,0.052999999999999936,0.09899999999999998,0,0.014,0.986
S318,c14,adaptive_acc,Adaptive,Accuracy,16,47,0,1411,Female,7,Regular,45,53,2,0.0020000000000000018,1.072,0.42300000000000004,0.06600000000000006,0.09099999999999997,0.44700000000000006,0.030999999999999917,0.10499999999999998,0.09600000000000009,0.16599999999999993,0.21700000000000008,0,0.002,0.998
S319,c14,adaptive_full,Adaptive,Full,18,45,0,2070,Male,7,Regular,44,45,1,9.999999999998899e-4,0.43900000000000006,0.42199999999999993,0.02499999999999991,0.14100000000000001,0.514,0.06899999999999995,1.274,0.1479999999999999,0.3340000000000001,0.137,0,0.001,0.999
S320,c14,linear_full,Linear,Full,21,32,10,-999,Female,2,Regular,51,56,2,0.2569999999999999,0.966,0.504,0.1399999999999999,0.0040000000000000036,1.288,0.5449999999999999,1.248,0.8720000000000001,0.10200000000000009,0.4730000000000001,0.01,0.237,0.753
S323,c15,adaptive_acc,Adaptive,Accuracy,40,22,1,2236,Male,7,Academic,53,69,1,1.966,1.999,0.946,1.83,0.1200000000000001,1.998,1.647,1.7229999999999999,1.565,1.202,1.238,0.966,0.034,0
S324,c15,adaptive_full,Adaptive,Full,17,46,0,1866,Male,8,Academic,48,50,2,9.999999999998899e-4,1.3940000000000001,0.42199999999999993,0.010000000000000009,0.014999999999999902,1.221,0.08600000000000008,0.244,0.2789999999999999,0.21399999999999997,0.028999999999999915,0,0.001,0.999
S325,c15,linear_full,Linear,Full,42,21,0,2020,Male,7,Academic,56,72,1,1.992,2,0.9510000000000001,1.839,0.0129999999999999,2,1.411,0.1259999999999999,1.894,1.4609999999999999,1.064,0.992,0.008,0
S326,c15,adaptive_acc,Adaptive,Accuracy,11,13,39,-999,Male,6,Academic,57,67,2,0.776,1.8679999999999999,0.669,0.345,0.09099999999999997,1.921,0.32499999999999996,0.909,0.5740000000000001,0.69,0.71,0.042,0.692,0.266
S327,c15,adaptive_full,Adaptive,Full,11,45,7,-999,Female,6,Academic,36,48,1,0,0.744,0.42199999999999993,0.010000000000000009,0.06699999999999995,0.7969999999999999,0.03699999999999992,0.40700000000000003,0.16900000000000004,0.516,0.040000000000000036,0,0,1
S328,c15,linear_full,Linear,Full,34,29,0,1998,Female,3,Academic,60,50,2,1.1099999999999999,1.987,0.7649999999999999,1.1560000000000001,0.02499999999999991,1.924,0.07899999999999996,1.6320000000000001,1.685,0.6180000000000001,0.03699999999999992,0.145,0.819,0.036
S329,c15,adaptive_acc,Adaptive,Accuracy,20,43,0,1923,Male,7,Academic,47,33,1,0.006999999999999895,1.397,0.42399999999999993,0.16999999999999993,0.014999999999999902,0.5840000000000001,0.137,0.8740000000000001,0.32099999999999995,0.595,0.18399999999999994,0,0.007,0.993
S330,c15,adaptive_full,Adaptive,Full,29,34,0,2331,Male,6,Academic,54,61,2,0.25,0.643,0.5029999999999999,0.137,0.04499999999999993,1.869,0.10899999999999999,0.867,1.427,0.18300000000000005,0.383,0.005,0.241,0.754
S331,c15,linear_full,Linear,Full,13,50,0,1589,Male,6,Academic,53,42,1,9.999999999998899e-4,1.071,0.42199999999999993,0.010000000000000009,0.016999999999999904,0.7030000000000001,0.03600000000000003,0.10400000000000009,0.04699999999999993,0.09000000000000008,0.5129999999999999,0,0.001,0.999
S332,c15,adaptive_acc,Adaptive,Accuracy,28,35,0,1994,Female,7,Academic,54,67,2,0.6839999999999999,0.994,0.639,0.050000000000000044,0.038000000000000034,1.978,0.387,0.512,0.633,0.2889999999999999,1.245,0.041,0.602,0.357
S333,c15,adaptive_full,Adaptive,Full,37,22,4,-999,Female,7,Academic,67,75,1,1.459,1.998,0.841,0.137,0.04600000000000004,1.996,1.1680000000000001,1.642,1.836,0.5920000000000001,1.292,0.463,0.534,0.003
S334,c15,linear_full,Linear,Full,26,37,0,2673,Female,7,Academic,45,64,2,0.04800000000000004,1.685,0.43700000000000006,0.19100000000000006,0.040999999999999925,1.391,0.1499999999999999,0.502,0.7290000000000001,0.19900000000000007,0.026999999999999913,0,0.048,0.952
S335,c15,adaptive_acc,Adaptive,Accuracy,34,28,1,-999,Male,2,Academic,61,66,1,1.369,1.988,0.8220000000000001,0.2749999999999999,0.33299999999999996,1.964,0.8939999999999999,1.508,1.0350000000000001,1.397,0.1339999999999999,0.375,0.619,0.006
S336,c15,adaptive_full,Adaptive,Full,8,55,0,837,Male,2,Part 2,39,47,2,0,0.43900000000000006,0.42199999999999993,0.010000000000000009,0.008000000000000007,0.11299999999999999,0.006999999999999895,0.2430000000000001,0.028000000000000025,0.1140000000000001,0.03600000000000003,0,0,1
S337,c15,linear_full,Linear,Full,11,52,0,1234,Male,6,Part 2,44,51,1,0,0.43900000000000006,0.42199999999999993,0.02499999999999991,0.0029999999999998916,0.44599999999999995,0.052000000000000046,0.5,0.06099999999999994,0.20799999999999996,0.028000000000000025,0,0,1
S338,c15,adaptive_acc,Adaptive,Accuracy,19,39,0,1859,Female,6,Academic,51,58,2,0.02200000000000002,0.4570000000000001,0.42900000000000005,0.07200000000000006,0.010000000000000009,1.4,0.08400000000000007,0.8620000000000001,0.24,0.2789999999999999,0.0129999999999999,0,0.022,0.978
S069,-999,control,-999,-999,-999,-999,-999,-999,Male,7,Academic,50,63,1,-999,-999,-999,-999,-999,-999,-999,-999,-999,-999,-999,-999,-999,-999
S070,-999,control,-999,-999,-999,-999,-999,-999,Female,2,Academic,42,56,2,-999,-999,-999,-999,-999,-999,-999,-999,-999,-999,-999,-999,-999,-999
S071,-999,control,-999,-999,-999,-999,-999,-999,Female,7,Academic,64,60,1,-999,-999,-999,-999,-999,-999,-999,-999,-999,-999,-999,-999,-999,-999
S072,-999,control,-999,-999,-999,-999,-999,-999,Female,7,Academic,51,61,2,-999,-999,-999,-999,-999,-999,-999,-999,-999,-999,-999,-999,-999,-999
S073,-999,control,-999,-999,-999,-999,-999,-999,Male,3,Academic,42,56,2,-999,-999,-999,-999,-999,-999,-999,-999,-999,-999,-999,-999,-999,-999
S092,-999,control,-999,-999,-999,-999,-999,-999,Female,6,Academic,51,61,2,-999,-999,-999,-999,-999,-999,-999,-999,-999,-999,-999,-999,-999,-999
S093,-999,control,-999,-999,-999,-999,-999,-999,Male,7,Academic,53,48,1,-999,-999,-999,-999,-999,-999,-999,-999,-999,-999,-999,-999,-999,-999
S094,-999,control,-999,-999,-999,-999,-999,-999,Male,7,Academic,50,51,1,-999,-999,-999,-999,-999,-999,-999,-999,-999,-999,-999,-999,-999,-999
S095,-999,control,-999,-999,-999,-999,-999,-999,Male,8,Academic,47,60,1,-999,-999,-999,-999,-999,-999,-999,-999,-999,-999,-999,-999,-999,-999
S096,-999,control,-999,-999,-999,-999,-999,-999,Male,7,Academic,67,72,1,-999,-999,-999,-999,-999,-999,-999,-999,-999,-999,-999,-999,-999,-999
S115,-999,control,-999,-999,-999,-999,-999,-999,Female,8,Academic,69,58,2,-999,-999,-999,-999,-999,-999,-999,-999,-999,-999,-999,-999,-999,-999
S116,-999,control,-999,-999,-999,-999,-999,-999,Male,5,Academic,54,56,2,-999,-999,-999,-999,-999,-999,-999,-999,-999,-999,-999,-999,-999,-999
S117,-999,control,-999,-999,-999,-999,-999,-999,Male,6,Academic,45,56,2,-999,-999,-999,-999,-999,-999,-999,-999,-999,-999,-999,-999,-999,-999
S118,-999,control,-999,-999,-999,-999,-999,-999,Male,6,Academic,50,51,1,-999,-999,-999,-999,-999,-999,-999,-999,-999,-999,-999,-999,-999,-999
S137,-999,control,-999,-999,-999,-999,-999,-999,Male,7,Honors,67,78,1,-999,-999,-999,-999,-999,-999,-999,-999,-999,-999,-999,-999,-999,-999
S138,-999,control,-999,-999,-999,-999,-999,-999,Male,8,Honors,51,53,2,-999,-999,-999,-999,-999,-999,-999,-999,-999,-999,-999,-999,-999,-999
S139,-999,control,-999,-999,-999,-999,-999,-999,Male,8,Honors,61,72,1,-999,-999,-999,-999,-999,-999,-999,-999,-999,-999,-999,-999,-999,-999
S172,-999,control,-999,-999,-999,-999,-999,-999,Male,2,Academic,64,42,1,-999,-999,-999,-999,-999,-999,-999,-999,-999,-999,-999,-999,-999,-999
S173,-999,control,-999,-999,-999,-999,-999,-999,Female,6,Academic,42,41,2,-999,-999,-999,-999,-999,-999,-999,-999,-999,-999,-999,-999,-999,-999
S174,-999,control,-999,-999,-999,-999,-999,-999,Male,7,Academic,50,51,1,-999,-999,-999,-999,-999,-999,-999,-999,-999,-999,-999,-999,-999,-999
S175,-999,control,-999,-999,-999,-999,-999,-999,Male,7,Academic,50,48,1,-999,-999,-999,-999,-999,-999,-999,-999,-999,-999,-999,-999,-999,-999
S176,-999,control,-999,-999,-999,-999,-999,-999,Male,7,Academic,54,41,2,-999,-999,-999,-999,-999,-999,-999,-999,-999,-999,-999,-999,-999,-999
S190,-999,control,-999,-999,-999,-999,-999,-999,Male,3,Part 1,44,45,2,-999,-999,-999,-999,-999,-999,-999,-999,-999,-999,-999,-999,-999,-999
S191,-999,control,-999,-999,-999,-999,-999,-999,Male,3,Part 1,54,44,1,-999,-999,-999,-999,-999,-999,-999,-999,-999,-999,-999,-999,-999,-999
S192,-999,control,-999,-999,-999,-999,-999,-999,Male,7,Part 1,44,36,2,-999,-999,-999,-999,-999,-999,-999,-999,-999,-999,-999,-999,-999,-999
S193,-999,control,-999,-999,-999,-999,-999,-999,Male,3,Part 1,54,61,1,-999,-999,-999,-999,-999,-999,-999,-999,-999,-999,-999,-999,-999,-999
S205,-999,control,-999,-999,-999,-999,-999,-999,Female,7,Part 1,56,45,1,-999,-999,-999,-999,-999,-999,-999,-999,-999,-999,-999,-999,-999,-999
S206,-999,control,-999,-999,-999,-999,-999,-999,Female,3,Part 1,51,53,2,-999,-999,-999,-999,-999,-999,-999,-999,-999,-999,-999,-999,-999,-999
S207,-999,control,-999,-999,-999,-999,-999,-999,Female,3,Part 1,61,45,1,-999,-999,-999,-999,-999,-999,-999,-999,-999,-999,-999,-999,-999,-999
S224,-999,control,-999,-999,-999,-999,-999,-999,Male,8,Academic,47,54,1,-999,-999,-999,-999,-999,-999,-999,-999,-999,-999,-999,-999,-999,-999
S225,-999,control,-999,-999,-999,-999,-999,-999,Male,6,Academic,36,56,2,-999,-999,-999,-999,-999,-999,-999,-999,-999,-999,-999,-999,-999,-999
S226,-999,control,-999,-999,-999,-999,-999,-999,Male,7,Academic,64,66,1,-999,-999,-999,-999,-999,-999,-999,-999,-999,-999,-999,-999,-999,-999
S227,-999,control,-999,-999,-999,-999,-999,-999,Female,5,Academic,42,53,2,-999,-999,-999,-999,-999,-999,-999,-999,-999,-999,-999,-999,-999,-999
S244,-999,control,-999,-999,-999,-999,-999,-999,Female,7,Academic,70,57,1,-999,-999,-999,-999,-999,-999,-999,-999,-999,-999,-999,-999,-999,-999
S245,-999,control,-999,-999,-999,-999,-999,-999,Female,8,Academic,72,78,2,-999,-999,-999,-999,-999,-999,-999,-999,-999,-999,-999,-999,-999,-999
S246,-999,control,-999,-999,-999,-999,-999,-999,Female,7,Academic,41,45,1,-999,-999,-999,-999,-999,-999,-999,-999,-999,-999,-999,-999,-999,-999
S247,-999,control,-999,-999,-999,-999,-999,-999,Male,3,Academic,45,41,2,-999,-999,-999,-999,-999,-999,-999,-999,-999,-999,-999,-999,-999,-999
S248,-999,control,-999,-999,-999,-999,-999,-999,Female,6,Academic,47,48,1,-999,-999,-999,-999,-999,-999,-999,-999,-999,-999,-999,-999,-999,-999
S264,-999,control,-999,-999,-999,-999,-999,-999,Female,7,Academic,58,54,1,-999,-999,-999,-999,-999,-999,-999,-999,-999,-999,-999,-999,-999,-999
S265,-999,control,-999,-999,-999,-999,-999,-999,Female,7,Academic,54,61,2,-999,-999,-999,-999,-999,-999,-999,-999,-999,-999,-999,-999,-999,-999
S266,-999,control,-999,-999,-999,-999,-999,-999,Male,7,Academic,50,51,1,-999,-999,-999,-999,-999,-999,-999,-999,-999,-999,-999,-999,-999,-999
S267,-999,control,-999,-999,-999,-999,-999,-999,Male,7,Academic,63,76,2,-999,-999,-999,-999,-999,-999,-999,-999,-999,-999,-999,-999,-999,-999
S268,-999,control,-999,-999,-999,-999,-999,-999,Male,7,Academic,58,72,1,-999,-999,-999,-999,-999,-999,-999,-999,-999,-999,-999,-999,-999,-999
S286,-999,control,-999,-999,-999,-999,-999,-999,Male,6,ELL,27,27,2,-999,-999,-999,-999,-999,-999,-999,-999,-999,-999,-999,-999,-999,-999
S287,-999,control,-999,-999,-999,-999,-999,-999,Female,6,ELL,30,36,1,-999,-999,-999,-999,-999,-999,-999,-999,-999,-999,-999,-999,-999,-999
S288,-999,control,-999,-999,-999,-999,-999,-999,Male,-999,ELL,27,45,2,-999,-999,-999,-999,-999,-999,-999,-999,-999,-999,-999,-999,-999,-999
S289,-999,control,-999,-999,-999,-999,-999,-999,Male,6,ELL,33,50,1,-999,-999,-999,-999,-999,-999,-999,-999,-999,-999,-999,-999,-999,-999
S290,-999,control,-999,-999,-999,-999,-999,-999,Male,8,ELL,33,39,2,-999,-999,-999,-999,-999,-999,-999,-999,-999,-999,-999,-999,-999,-999
S309,-999,control,-999,-999,-999,-999,-999,-999,Female,-999,Regular,41,36,1,-999,-999,-999,-999,-999,-999,-999,-999,-999,-999,-999,-999,-999,-999
S310,-999,control,-999,-999,-999,-999,-999,-999,Male,7,Regular,45,36,2,-999,-999,-999,-999,-999,-999,-999,-999,-999,-999,-999,-999,-999,-999
S311,-999,control,-999,-999,-999,-999,-999,-999,Male,3,Regular,41,33,1,-999,-999,-999,-999,-999,-999,-999,-999,-999,-999,-999,-999,-999,-999
S312,-999,control,-999,-999,-999,-999,-999,-999,Male,3,Regular,36,47,2,-999,-999,-999,-999,-999,-999,-999,-999,-999,-999,-999,-999,-999,-999
S313,-999,control,-999,-999,-999,-999,-999,-999,Female,8,Regular,44,36,1,-999,-999,-999,-999,-999,-999,-999,-999,-999,-999,-999,-999,-999,-999
S314,-999,control,-999,-999,-999,-999,-999,-999,Male,3,Regular,41,51,1,-999,-999,-999,-999,-999,-999,-999,-999,-999,-999,-999,-999,-999,-999
S321,-999,control,-999,-999,-999,-999,-999,-999,Female,4,Regular,33,33,1,-999,-999,-999,-999,-999,-999,-999,-999,-999,-999,-999,-999,-999,-999
S322,-999,control,-999,-999,-999,-999,-999,-999,Male,8,Regular,42,50,2,-999,-999,-999,-999,-999,-999,-999,-999,-999,-999,-999,-999,-999,-999
S339,-999,control,-999,-999,-999,-999,-999,-999,Female,3,Part 2,27,27,1,-999,-999,-999,-999,-999,-999,-999,-999,-999,-999,-999,-999,-999,-999
S340,-999,control,-999,-999,-999,-999,-999,-999,Male,7,Academic,48,58,2,-999,-999,-999,-999,-999,-999,-999,-999,-999,-999,-999,-999,-999,-999
S341,-999,control,-999,-999,-999,-999,-999,-999,Female,7,Academic,53,57,1,-999,-999,-999,-999,-999,-999,-999,-999,-999,-999,-999,-999,-999,-999
S342,-999,control,-999,-999,-999,-999,-999,-999,Male,6,Academic,48,44,2,-999,-999,-999,-999,-999,-999,-999,-999,-999,-999,-999,-999,-999,-999
